{
    "IcoMoonType": "selection",
    "icons": [
        {
            "icon": {
                "paths": [
                    "M1010.174 915.75l-548.634-499.458 25.534-25.598c20.894-20.954 32.188-48.030 33.918-75.61 1.002-0.45 2.002-0.912 2.958-1.442l102.99-64.402c13.934-16.392 12.916-42.268-2.284-57.502l-179.12-179.608c-15.19-15.234-40.998-16.262-57.344-2.284l-64.236 103.268c-0.526 0.966-0.99 1.966-1.44 2.974-27.502 1.736-54.5 13.056-75.398 34.006l-97.428 97.702c-20.898 20.956-32.184 48.026-33.918 75.604-1.004 0.45-2.004 0.916-2.964 1.446l-102.986 64.406c-13.942 16.39-12.916 42.264 2.276 57.496l179.12 179.604c15.194 15.238 40.996 16.262 57.35 2.286l64.228-103.27c0.528-0.958 0.988-1.96 1.442-2.966 27.502-1.738 54.504-13.050 75.398-34.004l28.292-28.372 498.122 550.114c14.436 15.944 36.7 18.518 49.474 5.712l50.356-50.488c12.764-12.808 10.196-35.132-5.706-49.614z"
                ],
                "tags": [
                    "hammer",
                    "gavel",
                    "rules",
                    "justice",
                    "legal"
                ],
                "defaultCode": 59816,
                "grid": 16,
                "attrs": []
            },
            "attrs": [],
            "properties": {
                "ligatures": "hammer2, gavel",
                "name": "hammer2",
                "order": 2,
                "id": 169,
                "prevSize": 32,
                "code": 59816
            },
            "setIdx": 0,
            "setId": 1,
            "iconIdx": 168
        }
    ],
    "height": 1024,
    "metadata": {
        "name": "yith-wcact-auction-font"
    },
    "preferences": {
        "showGlyphs": true,
        "showQuickUse": true,
        "showQuickUse2": true,
        "showSVGs": true,
        "fontPref": {
            "prefix": "yith-wcact-auction-font-",
            "metadata": {
                "fontFamily": "yith-wcact-auction-font",
                "majorVersion": 1,
                "minorVersion": 0
            },
            "metrics": {
                "emSize": 1024,
                "baseline": 6.25,
                "whitespace": 50
            },
            "embed": false,
            "showSelector": true,
            "showMetrics": false
        },
        "imagePref": {
            "prefix": "icon-",
            "png": true,
            "useClassSelector": true,
            "color": 0,
            "bgColor": 16777215,
            "classSelector": ".icon"
        },
        "historySize": 100,
        "showCodes": true,
        "gridSize": 16
    }
}